Workbook

Sheet خلاصه پیکربندی شبکه
A1: SemanticDFL - پیکربندی شبکه فیزیکی و توزیع داده‌ها (۵۰ کلاینت)
A3: خلاصه پارامترهای اصلی شبکه (KPIs)
A4: پارامتر | B4: مقدار | C4: واحد / توضیح
A5: تعداد کل گره‌های شبکه (N) | B5: 50 | C5: کلاینت
A6: میانگین درجه اتصالات فیزیکی | B6: 3.6 | C6: لینک به ازای هر گره
A7: مجموع اتصالات فیزیکی (Edges) | B7: 90 | C7: لینک دوطرفه
A8: تعداد کلاس‌های داده (CIFAR-10) | B8: 10 | C8: کلاس مجزا
A9: حداقل گره‌ها در یک کلاس | B9: 3 | C9: گره
A10: حداکثر گره‌ها در یک کلاس | B10: 7 | C10: گره
A12: توزیع ۱۰ کلاس CIFAR-10 بین کلاینت‌ها
A13: شناسه کلاس | B13: نام کلاس | C13: آیکون | D13: تعداد گره‌ها | E13: درصد از کل | F13: فهرست گره‌های عضو
A14: 0 | B14: هواپیما (Airplane) | C14: ✈️ | D14: =COUNTIF('مشخصات گره‌ها'!D:D, 0) | E14: =D14/50 | F14: C5, C14, C20, C38, C48
A15: 1 | B15: اتومبیل (Automobile) | C15: 🚗 | D15: =COUNTIF('مشخصات گره‌ها'!D:D, 1) | E15: =D15/50 | F15: C41, C43, C44, C49
A16: 2 | B16: پرنده (Bird) | C16: 🐦 | D16: =COUNTIF('مشخصات گره‌ها'!D:D, 2) | E16: =D16/50 | F16: C4, C8, C13, C17, C35, C45
A17: 3 | B17: گربه (Cat) | C17: 🐱 | D17: =COUNTIF('مشخصات گره‌ها'!D:D, 3) | E17: =D17/50 | F17: C3, C10, C22, C46, C47
A18: 4 | B18: آهو (Deer) | C18: 🦌 | D18: =COUNTIF('مشخصات گره‌ها'!D:D, 4) | E18: =D18/50 | F18: C12, C28, C29
A19: 5 | B19: سگ (Dog) | C19: 🐶 | D19: =COUNTIF('مشخصات گره‌ها'!D:D, 5) | E19: =D19/50 | F19: C1, C2, C7, C9, C18, C27, C39
A20: 6 | B20: قورباغه (Frog) | C20: 🐸 | D20: =COUNTIF('مشخصات گره‌ها'!D:D, 6) | E20: =D20/50 | F20: C11, C23, C26, C33, C42
A21: 7 | B21: اسب (Horse) | C21: 🐎 | D21: =COUNTIF('مشخصات گره‌ها'!D:D, 7) | E21: =D21/50 | F21: C16, C19, C32, C40
A22: 8 | B22: کشتی (Ship) | C22: 🚢 | D22: =COUNTIF('مشخصات گره‌ها'!D:D, 8) | E22: =D22/50 | F22: C15, C21, C25, C30, C34, C50
A23: 9 | B23: کامیون (Truck) | C23: 🚚 | D23: =COUNTIF('مشخصات گره‌ها'!D:D, 9) | E23: =D23/50 | F23: C6, C24, C31, C36, C37
A24: مجموع | D24: =SUM(D14:D23) | E24: =SUM(E14:E23)

Sheet مشخصات گره‌ها
A1: جدول کامل ۵0 کلاینت - اتصالات فیزیکی و انتصاب داده‌ها
A2: شناسه گره (Node ID) | B2: درجه اتصالات (Degree) | C2: فهرست همسایگان متصل فیزیکی | D2: کلاس داده (ID) | E2: عنوان کلاس داده (CIFAR-10) | F2: آیکون
A3: C1 | B3: 4 | C3: C2, C5, C26, C50 | D3: 5 | E3: سگ (Dog) | F3: 🐶
A4: C2 | B4: 4 | C4: C1, C3, C4, C48 | D4: 5 | E4: سگ (Dog) | F4: 🐶
A5: C3 | B5: 3 | C5: C2, C4, C7 | D5: 3 | E5: گربه (Cat) | F5: 🐱
A6: C4 | B6: 3 | C6: C2, C3, C5 | D6: 2 | E6: پرنده (Bird) | F6: 🐦
A7: C5 | B7: 4 | C7: C1, C4, C6, C25 | D7: 0 | E7: هواپیما (Airplane) | F7: ✈️
A8: C6 | B8: 3 | C8: C5, C7, C10 | D8: 9 | E8: کامیون (Truck) | F8: 🚚
A9: C7 | B9: 4 | C9: C3, C6, C8, C9 | D9: 5 | E9: سگ (Dog) | F9: 🐶
A10: C8 | B10: 3 | C10: C7, C9, C12 | D10: 2 | E10: پرنده (Bird) | F10: 🐦
A11: C9 | B11: 3 | C11: C7, C8, C10 | D11: 5 | E11: سگ (Dog) | F11: 🐶
A12: C10 | B12: 4 | C12: C6, C9, C11, C30 | D12: 3 | E12: گربه (Cat) | F12: 🐱
A13: C11 | B13: 4 | C13: C10, C12, C15, C36 | D13: 6 | E13: قورباغه (Frog) | F13: 🐸
A14: C12 | B14: 4 | C14: C8, C11, C13, C14 | D14: 4 | E14: آهو (Deer) | F14: 🦌
... A52: C50 | B52: 3 | C52: C1, C46, C49 | D52: 8 | E52: کشتی (Ship) | F52: 🚢
A53: میانگین / مجموع | B53: =AVERAGE(B3:B52) | C53: مجموع اتصالات: 180 (90 لینک دوطرفه)

Sheet رأی‌گیری VRF و انتشار پیام‌ها
A1: رأی‌گیری غیرمتمرکز VRF، انتشار پیام‌های کاوش (TTL=3) و تشکیل ۱۰ زون فیزیکی
A2: شناسه گره (Node ID) | B2: کلید خصوصی (Private Key sk) | C2: فرمول محاسباتی VRF ((Seed+ID)*sk+1337)%10000 | D2: امتیاز VRF (Score σ) | E2: پیام‌های ارسالی TTL=3 (گام ۱) (Direct Neighbors) | F2: پیام‌های ارسالی TTL=3 (گام ۲) (2-Hop Reach) | G2: پیام‌های ارسالی TTL=3 (گام ۳) (3-Hop Reach) | H2: پاسخ‌های دریافتی (Incoming Scores) | I2: وضعیت نهایی (Status) | J2: زون اختصاص‌یافته (Assigned Zone) | K2: فاصله تا آغازگر (Hops to Initiator) | L2: کلاس داده (CIFAR-10 Class)
A3: C1 | B3: 9098 | C3: ((100+1)*9098+1337)%10000 | D3: 0.0235 | E3: C2, C5, C26, C50 | F3: C3, C4, C6, C25, C27, C30, C46, C48, C49 | G3: C7, C10, C21, C23, C24, C28, C29, C31, C45, C47 | H3: دریافت از 23 گره همسایه (شعاع ۳ گام) | I3: آغازگر (Initiator) | J3: زون C1 | K3: ۰ (خود آغازگر) | L3: 🐶 سگ (Dog)
A4: C2 | B4: 3455 | C4: ((100+2)*3455+1337)%10000 | D4: 0.3747 | E4: C1, C3, C4, C48 | F4: C5, C7, C26, C47, C49, C50 | G4: C6, C8, C9, C25, C27, C30, C43, C46 | H4: دریافت از 18 گره همسایه (شعاع ۳ گام) | I4: عضو عادی (Non-Initiator) | J4: زون C1 | K4: 1 گام | L4: 🐶 سگ (Dog)
A5: C3 | B5: 6044 | C5: ((100+3)*6044+1337)%10000 | D5: 0.3869 | E5: C2, C4, C7 | F5: C1, C5, C6, C8, C9, C48 | G5: C10, C12, C25, C26, C47, C49, C50 | H5: دریافت از 16 گره همسایه (شعاع ۳ گام) | I5: عضو عادی (Non-Initiator) | J5: زون C1 | K5: 2 گام | L5: 🐱 گربه (Cat)
A6: C4 | B6: 314 | C6: ((100+4)*314+1337)%10000 | D6: 0.3993 | E6: C2, C3, C5 | F6: C1, C6, C7, C25, C48 | G6: C8, C9, C10, C21, C24, C26, C45, C47, C49, C50 | H6: دریافت از 18 گره همسایه (شعاع ۳ گام) | I6: عضو عادی (Non-Initiator) | J6: زون C1 | K6: 2 گام | L6: 🐦 پرنده (Bird)
A7: C5 | B7: 1836 | C7: ((100+5)*1836+1337)%10000 | D7: 0.4117 | E7: C1, C4, C6, C25 | F7: C2, C3, C7, C10, C21, C24, C26, C45, C50 | G7: C8, C9, C11, C20, C22, C23, C27, C30, C41, C44, C46, C48, C49 | H7: دریافت از 26 گره همسایه (شعاع ۳ گام) | I7: عضو عادی (Non-Initiator) | J7: زون C1 | K7: 1 گام | L7: ✈️ هواپیما (Airplane)
A8: C6 | B8: 1029 | C8: ((100+6)*1029+1337)%10000 | D8: 0.0411 | E8: C5, C7, C10 | F8: C1, C3, C4, C8, C9, C11, C25, C30 | G8: C2, C12, C15, C21, C24, C26, C29, C31, C36, C45, C50 | H8: دریافت از 22 گره همسایه (شعاع ۳ گام) | I8: آغازگر (Initiator) | J8: زون C6 | K8: ۰ (خود آغازگر) | L8: 🚚 کامیون (Truck)
A9: C7 | B9: 2832 | C9: ((100+7)*2832+1337)%10000 | D9: 0.4361 | E9: C3, C6, C8, C9 | F9: C2, C4, C5, C10, C12 | G9: C1, C11, C13, C14, C25, C30, C48 | H9: دریافت از 16 گره همسایه (شعاع ۳ گام) | I9: عضو عادی (Non-Initiator) | J9: زون C6 | K9: 1 گام | L9: 🐶 سگ (Dog)
A10: C8 | B10: 1881 | C10: ((100+8)*1881+1337)%10000 | D10: 0.4485 | E10: C7, C9, C12 | F10: C3, C6, C10, C11, C13, C14 | G10: C2, C4, C5, C15, C17, C30, C36 | H10: دریافت از 16 گره همسایه (شعاع ۳ گام) | I10: عضو عادی (Non-Initiator) | J10: زون C6 | K10: 2 گام | L10: 🐦 پرنده (Bird)
A11: C9 | B11: 30 | C11: ((100+9)*30+1337)%10000 | D11: 0.4607 | E11: C7, C8, C10 | F11: C3, C6, C11, C12, C30 | G11: C2, C4, C5, C13, C14, C15, C26, C29, C31, C36 | H11: دریافت از 18 گره همسایه (شعاع ۳ گام) | I11: عضو عادی (Non-Initiator) | J11: زون C6 | K11: 2 گام | L11: 🐶 سگ (Dog)
A12: C10 | B12: 940 | C12: ((100+10)*940+1337)%10000 | D12: 0.4737 | E12: C6, C9, C11, C30 | F12: C5, C7, C8, C12, C15, C26, C29, C31, C36 | G12: C1, C3, C4, C13, C14, C16, C25, C27, C28, C32, C35, C37, C40 | H12: دریافت از 26 گره همسایه (شعاع ۳ گام) | I12: عضو عادی (Non-Initiator) | J12: زون C6 | K12: 1 گام | L12: 🐱 گربه (Cat)
A13: C11 | B13: 4768 | C13: ((100+11)*4768+1337)%10000 | D13: 0.0585 | E13: C10, C12, C15, C36 | F13: C6, C8, C9, C13, C14, C16, C30, C35, C37, C40 | G13: C5, C7, C17, C20, C26, C29, C31, C33, C34, C38, C39, C41 | H13: دریافت از 26 گره همسایه (شعاع ۳ گام) | I13: آغازگر (Initiator) | J13: زون C11 | K13: ۰ (خود آغازگر) | L13: 🐸 قورباغه (Frog)
A14: C12 | B14: 479 | C14: ((100+12)*479+1337)%10000 | D14: 0.4985 | E14: C8, C11, C13, C14 | F14: C7, C9, C10, C15, C17, C36 | G14: C3, C6, C16, C18, C19, C30, C35, C37, C40 | H14: دریافت از 19 گره همسایه (شعاع ۳ گام) | I14: عضو عادی (Non-Initiator) | J14: زون C11 | K14: 1 گام | L14: 🦌 آهو (Deer)
... A52: C50 | B52: 19 | C52: ((100+50)*19+1337)%10000 | D52: 0.4187 | E52: C1, C46, C49 | F52: C2, C5, C21, C26, C45, C47, C48 | G52: C3, C4, C6, C20, C22, C25, C27, C30, C41, C43, C44 | H52: دریافت از 21 گره همسایه (شعاع ۳ گام) | I52: عضو عادی (Non-Initiator) | J52: زون C1 | K52: 1 گام | L52: 🚢 کشتی (Ship)
